Workbook

Sheet Summary
A1: Who Sabi? question bank
A2: Built 2026-10-28 from the CSV files in docs/content/question-bank/. Counts update when you change a review_status.
A4: Category | B4: Questions | C4: To check | D4: Approved | E4: Fix needed | F4: Rejected | G4: Launch target | H4: Approved vs target
A5: Slang & Pidgin | B5: =COUNTA(Slang!A:A)-1 -> 0 | C5: =COUNTIF(Slang!T:T,"to check") -> 0 | D5: =COUNTIF(Slang!T:T,"approved") -> 0 | E5: =COUNTIF(Slang!T:T,"fix needed") -> 0 | F5: =COUNTIF(Slang!T:T,"rejected") -> 0 | G5: 600 | H5: =IF(G5=0,0,D5/G5) -> 0
A6: Nollywood | B6: =COUNTA(Nollywood!A:A)-1 -> 0 | C6: =COUNTIF(Nollywood!T:T,"to check") -> 0 | D6: =COUNTIF(Nollywood!T:T,"approved") -> 0 | E6: =COUNTIF(Nollywood!T:T,"fix needed") -> 0 | F6: =COUNTIF(Nollywood!T:T,"rejected") -> 0 | G6: 600 | H6: =IF(G6=0,0,D6/G6) -> 0
A7: Music | B7: =COUNTA(Music!A:A)-1 -> 0 | C7: =COUNTIF(Music!T:T,"to check") -> 0 | D7: =COUNTIF(Music!T:T,"approved") -> 0 | E7: =COUNTIF(Music!T:T,"fix needed") -> 0 | F7: =COUNTIF(Music!T:T,"rejected") -> 0 | G7: 600 | H7: =IF(G7=0,0,D7/G7) -> 0
A8: Food | B8: =COUNTA(Food!A:A)-1 -> 0 | C8: =COUNTIF(Food!T:T,"to check") -> 0 | D8: =COUNTIF(Food!T:T,"approved") -> 0 | E8: =COUNTIF(Food!T:T,"fix needed") -> 0 | F8: =COUNTIF(Food!T:T,"rejected") -> 0 | G8: 600 | H8: =IF(G8=0,0,D8/G8) -> 0
A9: Mixed Naija | B9: =COUNTA(Mixed!A:A)-1 -> 0 | C9: =COUNTIF(Mixed!T:T,"to check") -> 0 | D9: =COUNTIF(Mixed!T:T,"approved") -> 0 | E9: =COUNTIF(Mixed!T:T,"fix needed") -> 0 | F9: =COUNTIF(Mixed!T:T,"rejected") -> 0 | G9: 600 | H9: =IF(G9=0,0,D9/G9) -> 0
A10: Sport | B10: =COUNTA(Sport!A:A)-1 -> 0 | C10: =COUNTIF(Sport!T:T,"to check") -> 0 | D10: =COUNTIF(Sport!T:T,"approved") -> 0 | E10: =COUNTIF(Sport!T:T,"fix needed") -> 0 | F10: =COUNTIF(Sport!T:T,"rejected") -> 0 | G10: 600 | H10: =IF(G10=0,0,D10/G10) -> 0
A11: Total | B11: =SUM(B5:B10) -> 0 | C11: =SUM(C5:C10) -> 0 | D11: =SUM(D5:D10) -> 0 | E11: =SUM(E5:E10) -> 0 | F11: =SUM(F5:F10) -> 0 | G11: =SUM(G5:G10) -> 3600 | H11: =IF(G11=0,0,D11/G11) -> 0
A13: Difficulty mix (all questions) | B13: Slang & Pidgin | C13: Nollywood | D13: Music | E13: Food | F13: Mixed Naija | G13: Sport | H13: Doc 04 target
A14: Level 1 | B14: =COUNTIF(Slang!E:E,1) -> 0 | C14: =COUNTIF(Nollywood!E:E,1) -> 0 | D14: =COUNTIF(Music!E:E,1) -> 0 | E14: =COUNTIF(Food!E:E,1) -> 0 | F14: =COUNTIF(Mixed!E:E,1) -> 0 | G14: =COUNTIF(Sport!E:E,1) -> 0 | H14: 0.15
A15: Level 2 | B15: =COUNTIF(Slang!E:E,2) -> 0 | C15: =COUNTIF(Nollywood!E:E,2) -> 0 | D15: =COUNTIF(Music!E:E,2) -> 0 | E15: =COUNTIF(Food!E:E,2) -> 0 | F15: =COUNTIF(Mixed!E:E,2) -> 0 | G15: =COUNTIF(Sport!E:E,2) -> 0 | H15: 0.2
A16: Level 3 | B16: =COUNTIF(Slang!E:E,3) -> 0 | C16: =COUNTIF(Nollywood!E:E,3) -> 0 | D16: =COUNTIF(Music!E:E,3) -> 0 | E16: =COUNTIF(Food!E:E,3) -> 0 | F16: =COUNTIF(Mixed!E:E,3) -> 0 | G16: =COUNTIF(Sport!E:E,3) -> 0 | H16: 0.3
A17: Level 4 | B17: =COUNTIF(Slang!E:E,4) -> 0 | C17: =COUNTIF(Nollywood!E:E,4) -> 0 | D17: =COUNTIF(Music!E:E,4) -> 0 | E17: =COUNTIF(Food!E:E,4) -> 0 | F17: =COUNTIF(Mixed!E:E,4) -> 0 | G17: =COUNTIF(Sport!E:E,4) -> 0 | H17: 0.2
A18: Level 5 | B18: =COUNTIF(Slang!E:E,5) -> 0 | C18: =COUNTIF(Nollywood!E:E,5) -> 0 | D18: =COUNTIF(Music!E:E,5) -> 0 | E18: =COUNTIF(Food!E:E,5) -> 0 | F18: =COUNTIF(Mixed!E:E,5) -> 0 | G18: =COUNTIF(Sport!E:E,5) -> 0 | H18: 0.15
A20: How to review
A21: 1. Open a category sheet. Each row is one question; the right answer is always option_a (the game shuffles options).
A22: 2. Open the source_url and check the fact, the spelling and that only one answer is right.
A23: 3. Fill in only the yellow columns: review_status (approved, fix needed or rejected), reviewer, review_notes.
A24: Example: approved | Ada | Checked on the CAF site, spelling fine.
A25: 4. Upload the saved workbook to GitHub (same name, same folder) or send it back; the next build copies your marks into the CSVs.
A26: Only approved questions go into the game. Anything starting "As of October 2026" expires on its valid_until date.

Sheet Slang
A1: id | B1: category | C1: subcategory | D1: type | E1: difficulty | F1: question | G1: option_a | H1: option_b | I1: option_c | J1: option_d | K1: correct_option | L1: fact | M1: family_safe | N1: valid_until | O1: region_tag | P1: status | Q1: source_url | R1: source_title | S1: added_on | T1: review_status | U1: reviewer | V1: review_notes

Sheet Nollywood
A1: id | B1: category | C1: subcategory | D1: type | E1: difficulty | F1: question | G1: option_a | H1: option_b | I1: option_c | J1: option_d | K1: correct_option | L1: fact | M1: family_safe | N1: valid_until | O1: region_tag | P1: status | Q1: source_url | R1: source_title | S1: added_on | T1: review_status | U1: reviewer | V1: review_notes

Sheet Music
A1: id | B1: category | C1: subcategory | D1: type | E1: difficulty | F1: question | G1: option_a | H1: option_b | I1: option_c | J1: option_d | K1: correct_option | L1: fact | M1: family_safe | N1: valid_until | O1: region_tag | P1: status | Q1: source_url | R1: source_title | S1: added_on | T1: review_status | U1: reviewer | V1: review_notes

Sheet Food
A1: id | B1: category | C1: subcategory | D1: type | E1: difficulty | F1: question | G1: option_a | H1: option_b | I1: option_c | J1: option_d | K1: correct_option | L1: fact | M1: family_safe | N1: valid_until | O1: region_tag | P1: status | Q1: source_url | R1: source_title | S1: added_on | T1: review_status | U1: reviewer | V1: review_notes

Sheet Mixed
A1: id | B1: category | C1: subcategory | D1: type | E1: difficulty | F1: question | G1: option_a | H1: option_b | I1: option_c | J1: option_d | K1: correct_option | L1: fact | M1: family_safe | N1: valid_until | O1: region_tag | P1: status | Q1: source_url | R1: source_title | S1: added_on | T1: review_status | U1: reviewer | V1: review_notes

Sheet Sport
A1: id | B1: category | C1: subcategory | D1: type | E1: difficulty | F1: question | G1: option_a | H1: option_b | I1: option_c | J1: option_d | K1: correct_option | L1: fact | M1: family_safe | N1: valid_until | O1: region_tag | P1: status | Q1: source_url | R1: source_title | S1: added_on | T1: review_status | U1: reviewer | V1: review_notes
